Generation,Individual,Fitness
0,00001010100000001000100101101101011100111111010010111000001000100011111110001010000000000000010,0.7092436974789916
0,10100100111011000101101110011110001011110101110110100100010001101000111110110110001011110100101,0.7092436974789916
0,00101101001101010010100011010010111010011001011010111011001000001000111101000010010101011000000,0.7092436974789916
0,01010110111000011000000101010001100110100101110011000101000011000010111001000011001001111110010,0.7092436974789916
0,11110100110110011010001011001111100110100000111011011110000011110110001101000110010111001100001,0.7092436974789916
0,00011011101011010110010010101111100111000101100000111111101110111001010111100010000010111110101,0.7092436974789916
0,10110111000111101010110101011000110010011110001011111111100011010101000001100010000000010010010,0.7092436974789916
0,11100001101100100100010101111000001000101010000110110011011101101000010010110000101011110001000,0.7092436974789916
0,00100101100101111100110011111101010000111010111001011101011001001100010010010010100100000100011,0.7092436974789916
0,10001110110110101010110100000110100000011000110001011000000011111000101010100101101110101000111,0.7092436974789916
0,00010111011100110001001110101000011100000010001011011111101000111011110001101111100100100000000,0.7092436974789916
0,00001111000101100110001010010010100101111011100010010111011110111111101010101100001111011111100,0.7092436974789916
0,01001001011101111010101011010111001001101011010100011100000111010100001011101010111110001001111,0.7092436974789916
0,10000111100001101011110110001110000011110100101111110001101001111100110000101011111110111110101,0.7092436974789916
0,00011011001111000001111011111000011101100010010010001011011010101101111100110001111110100000010,0.7092436974789916
0,01100110110101101011100110000001110110100111000100101100001000010101000111001100100001000101000,0.7092436974789916
0,10000011111100100000001101101011010001010110011010110100010010010010001000001010111110111011101,0.7092436974789916
0,01000001010110101101100101111010011110001111000000001010110101011100101000100110111111111010111,0.7092436974789916
0,00011100001001100000000100000001101010101100011000011000010001011001100100110010101100100100101,0.7092436974789916
0,01111011100010000100010011011000000100111001110100000100110000100000011011101010101100110111001,0.7092436974789916
1,00000010000000001000100101111101011000111111010010101100001000100010110110010111001011110100101,0.7092436974789916
1,00100100011011000101101111011110001001110101010100100110010001001001111110001010000100000000010,0.7092436974789916
1,00101101001101010010100011010010111010011001011010111011001000001000111101000010010101011000000,0.7092436974789916
1,01010110111000011000000101010001100110100101110011000101000011000010111001000011001001111110010,0.7092436974789916
1,11110100110110011010001011001111100110100000111011011110000011110110001101000110010111001100001,0.7092436974789916
1,00011011101011010110010010101111100111000101100000111111101110111001010111100010000010111110101,0.7092436974789916
1,10110111000111101010110101011000110010011110001011111111100011010101000001100010000000010010010,0.7092436974789916
1,11100001101100100100010101111000001000101010000110110011011101101000010010110000101011110001000,0.7092436974789916
1,00100101100101111100110011111101010000111010111001011101011001001100010010010010100100000100011,0.7092436974789916
1,10001110110110101010110100000110100000011000110001011000000011111000101010100101101110101000111,0.7092436974789916
1,00010111011100110001001110101000011100000010001011011111101000111011110001101111100100100000000,0.7092436974789916
1,00001111000101100110001010010010100101111011100010010111011110111111101010101100001111011111100,0.7092436974789916
1,01001001011101111010101011010111001001101011010100011100000111010100001011101010111110001001111,0.7092436974789916
1,10000111100001101011110110001110000011110100101111110001101001111100110000101011111110111110101,0.7092436974789916
1,00011011001111000001111011111000011101100010010010001011011010101101111100110001111110100000010,0.7092436974789916
1,01100110110101101011100110000001110110100111000100101100001000010101000111001100100001000101000,0.7092436974789916
1,10000011111100100000001101101011010001010110011010110100010010010010001000001010111110111011101,0.7092436974789916
1,01000001010110101101100101111010011110001111000000001010110101011100101000100110111111111010111,0.7092436974789916
1,00011100001001100000000100000001101010101100011000011000010001011001100100110010101100100100101,0.7092436974789916
1,01111011100010000100010011011000000100111001110100000100110000100000011011101010101100110111001,0.7092436974789916
2,00100010100000000000100101111101011100111111001010101110000001000001111110101010011100000100011,0.7092436974789916
2,00100100111011010101101111010110001001111100010100100110010000110010110110011111100111110100101,0.7092436974789916
2,00101101001101010010100011010010111010011001011010111011001000001000111101000010010101011000000,0.7092436974789916
2,01010110111000011000000101010001100110100101110011000101000011000010111001000011001001111110010,0.7092436974789916
2,11110100110110011010001011001111100110100000111011011110000011110110001101000110010111001100001,0.7092436974789916
2,00011011101011010110010010101111100111000101100000111111101110111001010111100010000010111110101,0.7092436974789916
2,10110111000111101010110101011000110010011110001011111111100011010101000001100010000000010010010,0.7092436974789916
2,11100001101100100100010101111000001000101010000110110011011101101000010010110000101011110001000,0.7092436974789916
2,00100101100101111100110011111101010000111010111001011101011001001100010010010010100100000100011,0.7092436974789916
2,10001110110110101010110100000110100000011000110001011000000011111000101010100101101110101000111,0.7092436974789916
2,00010111011100110001001110101000011100000010001011011111101000111011110001101111100100100000000,0.7092436974789916
2,00001111000101100110001010010010100101111011100010010111011110111111101010101100001111011111100,0.7092436974789916
2,01001001011101111010101011010111001001101011010100011100000111010100001011101010111110001001111,0.7092436974789916
2,10000111100001101011110110001110000011110100101111110001101001111100110000101011111110111110101,0.7092436974789916
2,00011011001111000001111011111000011101100010010010001011011010101101111100110001111110100000010,0.7092436974789916
2,01100110110101101011100110000001110110100111000100101100001000010101000111001100100001000101000,0.7092436974789916
2,10000011111100100000001101101011010001010110011010110100010010010010001000001010111110111011101,0.7092436974789916
2,01000001010110101101100101111010011110001111000000001010110101011100101000100110111111111010111,0.7092436974789916
2,00011100001001100000000100000001101010101100011000011000010001011001100100110010101100100100101,0.7092436974789916
2,01111011100010000100010011011000000100111001110100000100110000100000011011101010101100110111001,0.7092436974789916
3,00100011100001000000101101111101011100111011001010101100000101000001111010101111100111110100001,0.7092436974789916
3,00010100111011010101101111010111001001111100010100100110010000110010111110011010011001000100010,0.7092436974789916
3,00101101001101010010100011010010111010011001011010111011001000001000111101000010010101011000000,0.7092436974789916
3,01010110111000011000000101010001100110100101110011000101000011000010111001000011001001111110010,0.7092436974789916
3,11110100110110011010001011001111100110100000111011011110000011110110001101000110010111001100001,0.7092436974789916
3,00011011101011010110010010101111100111000101100000111111101110111001010111100010000010111110101,0.7092436974789916
3,10110111000111101010110101011000110010011110001011111111100011010101000001100010000000010010010,0.7092436974789916
3,11100001101100100100010101111000001000101010000110110011011101101000010010110000101011110001000,0.7092436974789916
3,00100101100101111100110011111101010000111010111001011101011001001100010010010010100100000100011,0.7092436974789916
3,10001110110110101010110100000110100000011000110001011000000011111000101010100101101110101000111,0.7092436974789916
3,00010111011100110001001110101000011100000010001011011111101000111011110001101111100100100000000,0.7092436974789916
3,00001111000101100110001010010010100101111011100010010111011110111111101010101100001111011111100,0.7092436974789916
3,01001001011101111010101011010111001001101011010100011100000111010100001011101010111110001001111,0.7092436974789916
3,10000111100001101011110110001110000011110100101111110001101001111100110000101011111110111110101,0.7092436974789916
3,00011011001111000001111011111000011101100010010010001011011010101101111100110001111110100000010,0.7092436974789916
3,01100110110101101011100110000001110110100111000100101100001000010101000111001100100001000101000,0.7092436974789916
3,10000011111100100000001101101011010001010110011010110100010010010010001000001010111110111011101,0.7092436974789916
3,01000001010110101101100101111010011110001111000000001010110101011100101000100110111111111010111,0.7092436974789916
3,00011100001001100000000100000001101010101100011000011000010001011001100100110010101100100100101,0.7092436974789916
3,01111011100010000100010011011000000100111001110100000100110000100000011011101010101100110111001,0.7092436974789916
4,00100011100001000000000101110101011100011011101010101110000101000001111110101111100111110000010,0.7092436974789916
4,01000100111011011101101111010101001010111001010100100110010010110010111110001011011001110100001,0.7092436974789916
4,00101101001101010010100011010010111010011001011010111011001000001000111101000010010101011000000,0.7092436974789916
4,01010110111000011000000101010001100110100101110011000101000011000010111001000011001001111110010,0.7092436974789916
4,11110100110110011010001011001111100110100000111011011110000011110110001101000110010111001100001,0.7092436974789916
4,00011011101011010110010010101111100111000101100000111111101110111001010111100010000010111110101,0.7092436974789916
4,10110111000111101010110101011000110010011110001011111111100011010101000001100010000000010010010,0.7092436974789916
4,11100001101100100100010101111000001000101010000110110011011101101000010010110000101011110001000,0.7092436974789916
4,00100101100101111100110011111101010000111010111001011101011001001100010010010010100100000100011,0.7092436974789916
4,10001110110110101010110100000110100000011000110001011000000011111000101010100101101110101000111,0.7092436974789916
4,00010111011100110001001110101000011100000010001011011111101000111011110001101111100100100000000,0.7092436974789916
4,00001111000101100110001010010010100101111011100010010111011110111111101010101100001111011111100,0.7092436974789916
4,01001001011101111010101011010111001001101011010100011100000111010100001011101010111110001001111,0.7092436974789916
4,10000111100001101011110110001110000011110100101111110001101001111100110000101011111110111110101,0.7092436974789916
4,00011011001111000001111011111000011101100010010010001011011010101101111100110001111110100000010,0.7092436974789916
4,01100110110101101011100110000001110110100111000100101100001000010101000111001100100001000101000,0.7092436974789916
4,10000011111100100000001101101011010001010110011010110100010010010010001000001010111110111011101,0.7092436974789916
4,01000001010110101101100101111010011110001111000000001010110101011100101000100110111111111010111,0.7092436974789916
4,00011100001001100000000100000001101010101100011000011000010001011001100100110010101100100100101,0.7092436974789916
4,01111011100010000100010011011000000100111001110100000100110000100000011011101010101100110111001,0.7092436974789916
5,00100011100001001101000000100111011000011011100010100111000010110010101110001011111001110100001,0.7092436974789916
5,01000100111011011101101111010111001010111001011000100110010101000000111110101111100011010000000,0.7092436974789916
5,00101101001101010010100011010010111010011001011010111011001000001000111101000010010101011000000,0.7092436974789916
5,01010110111000011000000101010001100110100101110011000101000011000010111001000011001001111110010,0.7092436974789916
5,11110100110110011010001011001111100110100000111011011110000011110110001101000110010111001100001,0.7092436974789916
5,00011011101011010110010010101111100111000101100000111111101110111001010111100010000010111110101,0.7092436974789916
5,10110111000111101010110101011000110010011110001011111111100011010101000001100010000000010010010,0.7092436974789916
5,11100001101100100100010101111000001000101010000110110011011101101000010010110000101011110001000,0.7092436974789916
5,00100101100101111100110011111101010000111010111001011101011001001100010010010010100100000100011,0.7092436974789916
5,10001110110110101010110100000110100000011000110001011000000011111000101010100101101110101000111,0.7092436974789916
5,00010111011100110001001110101000011100000010001011011111101000111011110001101111100100100000000,0.7092436974789916
5,00001111000101100110001010010010100101111011100010010111011110111111101010101100001111011111100,0.7092436974789916
5,01001001011101111010101011010111001001101011010100011100000111010100001011101010111110001001111,0.7092436974789916
5,10000111100001101011110110001110000011110100101111110001101001111100110000101011111110111110101,0.7092436974789916
5,00011011001111000001111011111000011101100010010010001011011010101101111100110001111110100000010,0.7092436974789916
5,01100110110101101011100110000001110110100111000100101100001000010101000111001100100001000101000,0.7092436974789916
5,10000011111100100000001101101011010001010110011010110100010010010010001000001010111110111011101,0.7092436974789916
5,01000001010110101101100101111010011110001111000000001010110101011100101000100110111111111010111,0.7092436974789916
5,00011100001001100000000100000001101010101100011000011000010001011001100100110010101100100100101,0.7092436974789916
5,01111011100010000100010011011000000100111001110100000100110000100000011011101010101100110111001,0.7092436974789916
6,00100011100001011101000000000101011000011011100010100111000010010010101111111111100011010000001,0.7092436974789916
6,01000100111011011101101111110111001010111001011000100110110101000000111111001011111001100101001,0.7092436974789916
6,00101101001101010010100011010010111010011001011010111011001000001000111101000010010101011000000,0.7092436974789916
6,01010110111000011000000101010001100110100101110011000101000011000010111001000011001001111110010,0.7092436974789916
6,11110100110110011010001011001111100110100000111011011110000011110110001101000110010111001100001,0.7092436974789916
6,00011011101011010110010010101111100111000101100000111111101110111001010111100010000010111110101,0.7092436974789916
6,10110111000111101010110101011000110010011110001011111111100011010101000001100010000000010010010,0.7092436974789916
6,11100001101100100100010101111000001000101010000110110011011101101000010010110000101011110001000,0.7092436974789916
6,00100101100101111100110011111101010000111010111001011101011001001100010010010010100100000100011,0.7092436974789916
6,10001110110110101010110100000110100000011000110001011000000011111000101010100101101110101000111,0.7092436974789916
6,00010111011100110001001110101000011100000010001011011111101000111011110001101111100100100000000,0.7092436974789916
6,00001111000101100110001010010010100101111011100010010111011110111111101010101100001111011111100,0.7092436974789916
6,01001001011101111010101011010111001001101011010100011100000111010100001011101010111110001001111,0.7092436974789916
6,10000111100001101011110110001110000011110100101111110001101001111100110000101011111110111110101,0.7092436974789916
6,00011011001111000001111011111000011101100010010010001011011010101101111100110001111110100000010,0.7092436974789916
6,01100110110101101011100110000001110110100111000100101100001000010101000111001100100001000101000,0.7092436974789916
6,10000011111100100000001101101011010001010110011010110100010010010010001000001010111110111011101,0.7092436974789916
6,01000001010110101101100101111010011110001111000000001010110101011100101000100110111111111010111,0.7092436974789916
6,00011100001001100000000100000001101010101100011000011000010001011001100100110010101100100100101,0.7092436974789916
6,01111011100010000100010011011000000100111001110100000100110000100000011011101010101100110111001,0.7092436974789916
7,00100011100001011101000000000001011000011011100010001111001000010010111111111111100001100111001,0.7092436974789916
7,11000100111011011001101111110111000010111001011010100110111101000000011111001011111001010001001,0.7092436974789916
7,00101101001101010010100011010010111010011001011010111011001000001000111101000010010101011000000,0.7092436974789916
7,01010110111000011000000101010001100110100101110011000101000011000010111001000011001001111110010,0.7092436974789916
7,11110100110110011010001011001111100110100000111011011110000011110110001101000110010111001100001,0.7092436974789916
7,00011011101011010110010010101111100111000101100000111111101110111001010111100010000010111110101,0.7092436974789916
7,10110111000111101010110101011000110010011110001011111111100011010101000001100010000000010010010,0.7092436974789916
7,11100001101100100100010101111000001000101010000110110011011101101000010010110000101011110001000,0.7092436974789916
7,00100101100101111100110011111101010000111010111001011101011001001100010010010010100100000100011,0.7092436974789916
7,10001110110110101010110100000110100000011000110001011000000011111000101010100101101110101000111,0.7092436974789916
7,00010111011100110001001110101000011100000010001011011111101000111011110001101111100100100000000,0.7092436974789916
7,00001111000101100110001010010010100101111011100010010111011110111111101010101100001111011111100,0.7092436974789916
7,01001001011101111010101011010111001001101011010100011100000111010100001011101010111110001001111,0.7092436974789916
7,10000111100001101011110110001110000011110100101111110001101001111100110000101011111110111110101,0.7092436974789916
7,00011011001111000001111011111000011101100010010010001011011010101101111100110001111110100000010,0.7092436974789916
7,01100110110101101011100110000001110110100111000100101100001000010101000111001100100001000101000,0.7092436974789916
7,10000011111100100000001101101011010001010110011010110100010010010010001000001010111110111011101,0.7092436974789916
7,01000001010110101101100101111010011110001111000000001010110101011100101000100110111111111010111,0.7092436974789916
7,00011100001001100000000100000001101010101100011000011000010001011001100100110010101100100100101,0.7092436974789916
7,01111011100010000100010011011000000100111001110100000100110000100000011011101010101100110111001,0.7092436974789916
8,10100011100101111101000000100001011000011001110010000111001101001001011111101001111001010001001,0.7092436974789916
8,11000100111011011001001111111010000010111001011010000110011001010110111111111101101101100111001,0.7092436974789916
8,00101101001101010010100011010010111010011001011010111011001000001000111101000010010101011000000,0.7092436974789916
8,01010110111000011000000101010001100110100101110011000101000011000010111001000011001001111110010,0.7092436974789916
8,11110100110110011010001011001111100110100000111011011110000011110110001101000110010111001100001,0.7092436974789916
8,00011011101011010110010010101111100111000101100000111111101110111001010111100010000010111110101,0.7092436974789916
8,10110111000111101010110101011000110010011110001011111111100011010101000001100010000000010010010,0.7092436974789916
8,11100001101100100100010101111000001000101010000110110011011101101000010010110000101011110001000,0.7092436974789916
8,00100101100101111100110011111101010000111010111001011101011001001100010010010010100100000100011,0.7092436974789916
8,10001110110110101010110100000110100000011000110001011000000011111000101010100101101110101000111,0.7092436974789916
8,00010111011100110001001110101000011100000010001011011111101000111011110001101111100100100000000,0.7092436974789916
8,00001111000101100110001010010010100101111011100010010111011110111111101010101100001111011111100,0.7092436974789916
8,01001001011101111010101011010111001001101011010100011100000111010100001011101010111110001001111,0.7092436974789916
8,10000111100001101011110110001110000011110100101111110001101001111100110000101011111110111110101,0.7092436974789916
8,00011011001111000001111011111000011101100010010010001011011010101101111100110001111110100000010,0.7092436974789916
8,01100110110101101011100110000001110110100111000100101100001000010101000111001100100001000101000,0.7092436974789916
8,10000011111100100000001101101011010001010110011010110100010010010010001000001010111110111011101,0.7092436974789916
8,01000001010110101101100101111010011110001111000000001010110101011100101000100110111111111010111,0.7092436974789916
8,00011100001001100000000100000001101010101100011000011000010001011001100100110010101100100100101,0.7092436974789916
8,01111011100010000100010011011000000100111001110100000100110000100000011011101010101100110111001,0.7092436974789916
9,10100011100001011101000011111010000010101001011010010110011001010110110111111101101101100001001,0.7092436974789916
9,11001100111011011001001100100001011000011001100000100111001111001001011111100001111110011001001,0.7092436974789916
9,00101101001101010010100011010010111010011001011010111011001000001000111101000010010101011000000,0.7092436974789916
9,01010110111000011000000101010001100110100101110011000101000011000010111001000011001001111110010,0.7092436974789916
9,11110100110110011010001011001111100110100000111011011110000011110110001101000110010111001100001,0.7092436974789916
9,00011011101011010110010010101111100111000101100000111111101110111001010111100010000010111110101,0.7092436974789916
9,10110111000111101010110101011000110010011110001011111111100011010101000001100010000000010010010,0.7092436974789916
9,11100001101100100100010101111000001000101010000110110011011101101000010010110000101011110001000,0.7092436974789916
9,00100101100101111100110011111101010000111010111001011101011001001100010010010010100100000100011,0.7092436974789916
9,10001110110110101010110100000110100000011000110001011000000011111000101010100101101110101000111,0.7092436974789916
9,00010111011100110001001110101000011100000010001011011111101000111011110001101111100100100000000,0.7092436974789916
9,00001111000101100110001010010010100101111011100010010111011110111111101010101100001111011111100,0.7092436974789916
9,01001001011101111010101011010111001001101011010100011100000111010100001011101010111110001001111,0.7092436974789916
9,10000111100001101011110110001110000011110100101111110001101001111100110000101011111110111110101,0.7092436974789916
9,00011011001111000001111011111000011101100010010010001011011010101101111100110001111110100000010,0.7092436974789916
9,01100110110101101011100110000001110110100111000100101100001000010101000111001100100001000101000,0.7092436974789916
9,10000011111100100000001101101011010001010110011010110100010010010010001000001010111110111011101,0.7092436974789916
9,01000001010110101101100101111010011110001111000000001010110101011100101000100110111111111010111,0.7092436974789916
9,00011100001001100000000100000001101010101100011000011000010001011001100100110010101100100100101,0.7092436974789916
9,01111011100010000100010011011000000100111001110100000100110000100000011011101010101100110111001,0.7092436974789916
10,11100011110001011101001100100001011000011001100000100111001000001001010111100101111110011011101,0.7092436974789916
10,01011100111111011001000010111011000000101001011010010110011000000110000111111111101101100001001,0.7092436974789916
10,00101101001101010010100011010010111010011001011010111011001000001000111101000010010101011000000,0.7092436974789916
10,01010110111000011000000101010001100110100101110011000101000011000010111001000011001001111110010,0.7092436974789916
10,11110100110110011010001011001111100110100000111011011110000011110110001101000110010111001100001,0.7092436974789916
10,00011011101011010110010010101111100111000101100000111111101110111001010111100010000010111110101,0.7092436974789916
10,10110111000111101010110101011000110010011110001011111111100011010101000001100010000000010010010,0.7092436974789916
10,11100001101100100100010101111000001000101010000110110011011101101000010010110000101011110001000,0.7092436974789916
10,00100101100101111100110011111101010000111010111001011101011001001100010010010010100100000100011,0.7092436974789916
10,10001110110110101010110100000110100000011000110001011000000011111000101010100101101110101000111,0.7092436974789916
10,00010111011100110001001110101000011100000010001011011111101000111011110001101111100100100000000,0.7092436974789916
10,00001111000101100110001010010010100101111011100010010111011110111111101010101100001111011111100,0.7092436974789916
10,01001001011101111010101011010111001001101011010100011100000111010100001011101010111110001001111,0.7092436974789916
10,10000111100001101011110110001110000011110100101111110001101001111100110000101011111110111110101,0.7092436974789916
10,00011011001111000001111011111000011101100010010010001011011010101101111100110001111110100000010,0.7092436974789916
10,01100110110101101011100110000001110110100111000100101100001000010101000111001100100001000101000,0.7092436974789916
10,10000011111100100000001101101011010001010110011010110100010010010010001000001010111110111011101,0.7092436974789916
10,01000001010110101101100101111010011110001111000000001010110101011100101000100110111111111010111,0.7092436974789916
10,00011100001001100000000100000001101010101100011000011000010001011001100100110010101100100100101,0.7092436974789916
10,01111011100010000100010011011000000100111001110100000100110000100000011011101010101100110111001,0.7092436974789916
11,11011100111111001001110010111001000000001001011010010111011000000110000011111111101101100001001,0.7092436974789916
11,01100011110101010100001110100001011000011001100000100110001000001001000111100101111110010111101,0.7092436974789916
11,00101101001101010010100011010010111010011001011010111011001000001000111101000010010101011000000,0.7092436974789916
11,01010110111000011000000101010001100110100101110011000101000011000010111001000011001001111110010,0.7092436974789916
11,11110100110110011010001011001111100110100000111011011110000011110110001101000110010111001100001,0.7092436974789916
11,00011011101011010110010010101111100111000101100000111111101110111001010111100010000010111110101,0.7092436974789916
11,10110111000111101010110101011000110010011110001011111111100011010101000001100010000000010010010,0.7092436974789916
11,11100001101100100100010101111000001000101010000110110011011101101000010010110000101011110001000,0.7092436974789916
11,00100101100101111100110011111101010000111010111001011101011001001100010010010010100100000100011,0.7092436974789916
11,10001110110110101010110100000110100000011000110001011000000011111000101010100101101110101000111,0.7092436974789916
11,00010111011100110001001110101000011100000010001011011111101000111011110001101111100100100000000,0.7092436974789916
11,00001111000101100110001010010010100101111011100010010111011110111111101010101100001111011111100,0.7092436974789916
11,01001001011101111010101011010111001001101011010100011100000111010100001011101010111110001001111,0.7092436974789916
11,10000111100001101011110110001110000011110100101111110001101001111100110000101011111110111110101,0.7092436974789916
11,00011011001111000001111011111000011101100010010010001011011010101101111100110001111110100000010,0.7092436974789916
11,01100110110101101011100110000001110110100111000100101100001000010101000111001100100001000101000,0.7092436974789916
11,10000011111100100000001101101011010001010110011010110100010010010010001000001010111110111011101,0.7092436974789916
11,01000001010110101101100101111010011110001111000000001010110101011100101000100110111111111010111,0.7092436974789916
11,00011100001001100000000100000001101010101100011000011000010001011001100100110010101100100100101,0.7092436974789916
11,01111011100010000100010011011000000100111001110100000100110000100000011011101010101100110111001,0.7092436974789916
12,11001100111111001000110010110001000000001001001010010111111000001110000000111111000101100101011,0.7092436974789916
12,01000011110101010000000111100011011000000001100000001110101000001001000111100101111110010000001,0.7092436974789916
12,00101101001101010010100011010010111010011001011010111011001000001000111101000010010101011000000,0.7092436974789916
12,01010110111000011000000101010001100110100101110011000101000011000010111001000011001001111110010,0.7092436974789916
12,11110100110110011010001011001111100110100000111011011110000011110110001101000110010111001100001,0.7092436974789916
12,00011011101011010110010010101111100111000101100000111111101110111001010111100010000010111110101,0.7092436974789916
12,10110111000111101010110101011000110010011110001011111111100011010101000001100010000000010010010,0.7092436974789916
12,11100001101100100100010101111000001000101010000110110011011101101000010010110000101011110001000,0.7092436974789916
12,00100101100101111100110011111101010000111010111001011101011001001100010010010010100100000100011,0.7092436974789916
12,10001110110110101010110100000110100000011000110001011000000011111000101010100101101110101000111,0.7092436974789916
12,00010111011100110001001110101000011100000010001011011111101000111011110001101111100100100000000,0.7092436974789916
12,00001111000101100110001010010010100101111011100010010111011110111111101010101100001111011111100,0.7092436974789916
12,01001001011101111010101011010111001001101011010100011100000111010100001011101010111110001001111,0.7092436974789916
12,10000111100001101011110110001110000011110100101111110001101001111100110000101011111110111110101,0.7092436974789916
12,00011011001111000001111011111000011101100010010010001011011010101101111100110001111110100000010,0.7092436974789916
12,01100110110101101011100110000001110110100111000100101100001000010101000111001100100001000101000,0.7092436974789916
12,10000011111100100000001101101011010001010110011010110100010010010010001000001010111110111011101,0.7092436974789916
12,01000001010110101101100101111010011110001111000000001010110101011100101000100110111111111010111,0.7092436974789916
12,00011100001001100000000100000001101010101100011000011000010001011001100100110010101100100100101,0.7092436974789916
12,01111011100010000100010011011000000100111001110100000100110000100000011011101010101100110111001,0.7092436974789916
13,11001101111111001000110010110001000100000100001010010111111001011010100000111110011100110011001,0.7092436974789916
13,01000011100101010000000111100001011100000001100000001100101010001011000101100101111010000101011,0.7092436974789916
13,00101101001101010010100011010010111010011001011010111011001000001000111101000010010101011000000,0.7092436974789916
13,01010110111000011000000101010001100110100101110011000101000011000010111001000011001001111110010,0.7092436974789916
13,11110100110110011010001011001111100110100000111011011110000011110110001101000110010111001100001,0.7092436974789916
13,00011011101011010110010010101111100111000101100000111111101110111001010111100010000010111110101,0.7092436974789916
13,10110111000111101010110101011000110010011110001011111111100011010101000001100010000000010010010,0.7092436974789916
13,11100001101100100100010101111000001000101010000110110011011101101000010010110000101011110001000,0.7092436974789916
13,00100101100101111100110011111101010000111010111001011101011001001100010010010010100100000100011,0.7092436974789916
13,10001110110110101010110100000110100000011000110001011000000011111000101010100101101110101000111,0.7092436974789916
13,00010111011100110001001110101000011100000010001011011111101000111011110001101111100100100000000,0.7092436974789916
13,00001111000101100110001010010010100101111011100010010111011110111111101010101100001111011111100,0.7092436974789916
13,01001001011101111010101011010111001001101011010100011100000111010100001011101010111110001001111,0.7092436974789916
13,10000111100001101011110110001110000011110100101111110001101001111100110000101011111110111110101,0.7092436974789916
13,00011011001111000001111011111000011101100010010010001011011010101101111100110001111110100000010,0.7092436974789916
13,01100110110101101011100110000001110110100111000100101100001000010101000111001100100001000101000,0.7092436974789916
13,10000011111100100000001101101011010001010110011010110100010010010010001000001010111110111011101,0.7092436974789916
13,01000001010110101101100101111010011110001111000000001010110101011100101000100110111111111010111,0.7092436974789916
13,00011100001001100000000100000001101010101100011000011000010001011001100100110010101100100100101,0.7092436974789916
13,01111011100010000100010011011000000100111001110100000100110000100000011011101010101100110111001,0.7092436974789916
14,11001101111111010000110010110001000100000001110001001100101010001011000101100101111010000101010,0.7092436974789916
14,01100011100101011000000111100001011100000100001010000111111001101010000000101010011100100011001,0.7092436974789916
14,00101101001101010010100011010010111010011001011010111011001000001000111101000010010101011000000,0.7092436974789916
14,01010110111000011000000101010001100110100101110011000101000011000010111001000011001001111110010,0.7092436974789916
14,11110100110110011010001011001111100110100000111011011110000011110110001101000110010111001100001,0.7092436974789916
14,00011011101011010110010010101111100111000101100000111111101110111001010111100010000010111110101,0.7092436974789916
14,10110111000111101010110101011000110010011110001011111111100011010101000001100010000000010010010,0.7092436974789916
14,11100001101100100100010101111000001000101010000110110011011101101000010010110000101011110001000,0.7092436974789916
14,00100101100101111100110011111101010000111010111001011101011001001100010010010010100100000100011,0.7092436974789916
14,10001110110110101010110100000110100000011000110001011000000011111000101010100101101110101000111,0.7092436974789916
14,00010111011100110001001110101000011100000010001011011111101000111011110001101111100100100000000,0.7092436974789916
14,00001111000101100110001010010010100101111011100010010111011110111111101010101100001111011111100,0.7092436974789916
14,01001001011101111010101011010111001001101011010100011100000111010100001011101010111110001001111,0.7092436974789916
14,10000111100001101011110110001110000011110100101111110001101001111100110000101011111110111110101,0.7092436974789916
14,00011011001111000001111011111000011101100010010010001011011010101101111100110001111110100000010,0.7092436974789916
14,01100110110101101011100110000001110110100111000100101100001000010101000111001100100001000101000,0.7092436974789916
14,10000011111100100000001101101011010001010110011010110100010010010010001000001010111110111011101,0.7092436974789916
14,01000001010110101101100101111010011110001111000000001010110101011100101000100110111111111010111,0.7092436974789916
14,00011100001001100000000100000001101010101100011000011000010001011001100100110010101100100100101,0.7092436974789916
14,01111011100010000100010011011000000100111001110100000100110000100000011011101010101100110111001,0.7092436974789916
15,10001011000101011001000111100001011000100100001010000111111001101110000101100011011100100011001,0.7092436974789916
15,01101101111011010001110010010001000101000000111001001110101111001011100101100101111010000101010,0.7092436974789916
15,00101101001101010010100011010010111010011001011010111011001000001000111101000010010101011000000,0.7092436974789916
15,01010110111000011000000101010001100110100101110011000101000011000010111001000011001001111110010,0.7092436974789916
15,11110100110110011010001011001111100110100000111011011110000011110110001101000110010111001100001,0.7092436974789916
15,00011011101011010110010010101111100111000101100000111111101110111001010111100010000010111110101,0.7092436974789916
15,10110111000111101010110101011000110010011110001011111111100011010101000001100010000000010010010,0.7092436974789916
15,11100001101100100100010101111000001000101010000110110011011101101000010010110000101011110001000,0.7092436974789916
15,00100101100101111100110011111101010000111010111001011101011001001100010010010010100100000100011,0.7092436974789916
15,10001110110110101010110100000110100000011000110001011000000011111000101010100101101110101000111,0.7092436974789916
15,00010111011100110001001110101000011100000010001011011111101000111011110001101111100100100000000,0.7092436974789916
15,00001111000101100110001010010010100101111011100010010111011110111111101010101100001111011111100,0.7092436974789916
15,01001001011101111010101011010111001001101011010100011100000111010100001011101010111110001001111,0.7092436974789916
15,10000111100001101011110110001110000011110100101111110001101001111100110000101011111110111110101,0.7092436974789916
15,00011011001111000001111011111000011101100010010010001011011010101101111100110001111110100000010,0.7092436974789916
15,01100110110101101011100110000001110110100111000100101100001000010101000111001100100001000101000,0.7092436974789916
15,10000011111100100000001101101011010001010110011010110100010010010010001000001010111110111011101,0.7092436974789916
15,01000001010110101101100101111010011110001111000000001010110101011100101000100110111111111010111,0.7092436974789916
15,00011100001001100000000100000001101010101100011000011000010001011001100100110010101100100100101,0.7092436974789916
15,01111011100010000100010011011000000100111001110100000100110000100000011011101010101100110111001,0.7092436974789916
16,10001101111011010001110011010000000110000000110001001110101111001010100101100101111111000101000,0.7092436974789916
16,01101010001101010001000100110001011000100101001010000111111001101110000101100011011100101011001,0.7092436974789916
16,00101101001101010010100011010010111010011001011010111011001000001000111101000010010101011000000,0.7092436974789916
16,01010110111000011000000101010001100110100101110011000101000011000010111001000011001001111110010,0.7092436974789916
16,11110100110110011010001011001111100110100000111011011110000011110110001101000110010111001100001,0.7092436974789916
16,00011011101011010110010010101111100111000101100000111111101110111001010111100010000010111110101,0.7092436974789916
16,10110111000111101010110101011000110010011110001011111111100011010101000001100010000000010010010,0.7092436974789916
16,11100001101100100100010101111000001000101010000110110011011101101000010010110000101011110001000,0.7092436974789916
16,00100101100101111100110011111101010000111010111001011101011001001100010010010010100100000100011,0.7092436974789916
16,10001110110110101010110100000110100000011000110001011000000011111000101010100101101110101000111,0.7092436974789916
16,00010111011100110001001110101000011100000010001011011111101000111011110001101111100100100000000,0.7092436974789916
16,00001111000101100110001010010010100101111011100010010111011110111111101010101100001111011111100,0.7092436974789916
16,01001001011101111010101011010111001001101011010100011100000111010100001011101010111110001001111,0.7092436974789916
16,10000111100001101011110110001110000011110100101111110001101001111100110000101011111110111110101,0.7092436974789916
16,00011011001111000001111011111000011101100010010010001011011010101101111100110001111110100000010,0.7092436974789916
16,01100110110101101011100110000001110110100111000100101100001000010101000111001100100001000101000,0.7092436974789916
16,10000011111100100000001101101011010001010110011010110100010010010010001000001010111110111011101,0.7092436974789916
16,01000001010110101101100101111010011110001111000000001010110101011100101000100110111111111010111,0.7092436974789916
16,00011100001001100000000100000001101010101100011000011000010001011001100100110010101100100100101,0.7092436974789916
16,01111011100010000100010011011000000100111001110100000100110000100000011011101010101100110111001,0.7092436974789916
17,10001101111010010001110110010001001110000010110000001111111001101110000111100011011100101001001,0.7092436974789916
17,01101010001001010101000110101101011001100001001011001110011111001010100101100101111101000100000,0.7092436974789916
17,00101101001101010010100011010010111010011001011010111011001000001000111101000010010101011000000,0.7092436974789916
17,01010110111000011000000101010001100110100101110011000101000011000010111001000011001001111110010,0.7092436974789916
17,11110100110110011010001011001111100110100000111011011110000011110110001101000110010111001100001,0.7092436974789916
17,00011011101011010110010010101111100111000101100000111111101110111001010111100010000010111110101,0.7092436974789916
17,10110111000111101010110101011000110010011110001011111111100011010101000001100010000000010010010,0.7092436974789916
17,11100001101100100100010101111000001000101010000110110011011101101000010010110000101011110001000,0.7092436974789916
17,00100101100101111100110011111101010000111010111001011101011001001100010010010010100100000100011,0.7092436974789916
17,10001110110110101010110100000110100000011000110001011000000011111000101010100101101110101000111,0.7092436974789916
17,00010111011100110001001110101000011100000010001011011111101000111011110001101111100100100000000,0.7092436974789916
17,00001111000101100110001010010010100101111011100010010111011110111111101010101100001111011111100,0.7092436974789916
17,01001001011101111010101011010111001001101011010100011100000111010100001011101010111110001001111,0.7092436974789916
17,10000111100001101011110110001110000011110100101111110001101001111100110000101011111110111110101,0.7092436974789916
17,00011011001111000001111011111000011101100010010010001011011010101101111100110001111110100000010,0.7092436974789916
17,01100110110101101011100110000001110110100111000100101100001000010101000111001100100001000101000,0.7092436974789916
17,10000011111100100000001101101011010001010110011010110100010010010010001000001010111110111011101,0.7092436974789916
17,01000001010110101101100101111010011110001111000000001010110101011100101000100110111111111010111,0.7092436974789916
17,00011100001001100000000100000001101010101100011000011000010001011001100100110010101100100100101,0.7092436974789916
17,01111011100010000100010011011000000100111001110100000100110000100000011011101010101100110111001,0.7092436974789916
18,11001101111010011001110110010001001010000000001011001000001011001010100111000101110100000100000,0.7092436974789916
18,01101010001101010101000110101101000001110010110000001111111001101110000111100011011100111111001,0.7092436974789916
18,00101101001101010010100011010010111010011001011010111011001000001000111101000010010101011000000,0.7092436974789916
18,01010110111000011000000101010001100110100101110011000101000011000010111001000011001001111110010,0.7092436974789916
18,11110100110110011010001011001111100110100000111011011110000011110110001101000110010111001100001,0.7092436974789916
18,00011011101011010110010010101111100111000101100000111111101110111001010111100010000010111110101,0.7092436974789916
18,10110111000111101010110101011000110010011110001011111111100011010101000001100010000000010010010,0.7092436974789916
18,11100001101100100100010101111000001000101010000110110011011101101000010010110000101011110001000,0.7092436974789916
18,00100101100101111100110011111101010000111010111001011101011001001100010010010010100100000100011,0.7092436974789916
18,10001110110110101010110100000110100000011000110001011000000011111000101010100101101110101000111,0.7092436974789916
18,00010111011100110001001110101000011100000010001011011111101000111011110001101111100100100000000,0.7092436974789916
18,00001111000101100110001010010010100101111011100010010111011110111111101010101100001111011111100,0.7092436974789916
18,01001001011101111010101011010111001001101011010100011100000111010100001011101010111110001001111,0.7092436974789916
18,10000111100001101011110110001110000011110100101111110001101001111100110000101011111110111110101,0.7092436974789916
18,00011011001111000001111011111000011101100010010010001011011010101101111100110001111110100000010,0.7092436974789916
18,01100110110101101011100110000001110110100111000100101100001000010101000111001100100001000101000,0.7092436974789916
18,10000011111100100000001101101011010001010110011010110100010010010010001000001010111110111011101,0.7092436974789916
18,01000001010110101101100101111010011110001111000000001010110101011100101000100110111111111010111,0.7092436974789916
18,00011100001001100000000100000001101010101100011000011000010001011001100100110010101100100100101,0.7092436974789916
18,01111011100010000100010011011000000100111001110100000100110000100000011011101010101100110111001,0.7092436974789916
19,10000011001101111101000110101101000001110010110000011111111001101110100110101011101101111110001,0.7092436974789916
19,01101001111010011100110110010001000010000000000011001000001011001010100111000111110100000100100,0.7092436974789916
19,00101101001101010010100011010010111010011001011010111011001000001000111101000010010101011000000,0.7092436974789916
19,01010110111000011000000101010001100110100101110011000101000011000010111001000011001001111110010,0.7092436974789916
19,11110100110110011010001011001111100110100000111011011110000011110110001101000110010111001100001,0.7092436974789916
19,00011011101011010110010010101111100111000101100000111111101110111001010111100010000010111110101,0.7092436974789916
19,10110111000111101010110101011000110010011110001011111111100011010101000001100010000000010010010,0.7092436974789916
19,11100001101100100100010101111000001000101010000110110011011101101000010010110000101011110001000,0.7092436974789916
19,00100101100101111100110011111101010000111010111001011101011001001100010010010010100100000100011,0.7092436974789916
19,10001110110110101010110100000110100000011000110001011000000011111000101010100101101110101000111,0.7092436974789916
19,00010111011100110001001110101000011100000010001011011111101000111011110001101111100100100000000,0.7092436974789916
19,00001111000101100110001010010010100101111011100010010111011110111111101010101100001111011111100,0.7092436974789916
19,01001001011101111010101011010111001001101011010100011100000111010100001011101010111110001001111,0.7092436974789916
19,10000111100001101011110110001110000011110100101111110001101001111100110000101011111110111110101,0.7092436974789916
19,00011011001111000001111011111000011101100010010010001011011010101101111100110001111110100000010,0.7092436974789916
19,01100110110101101011100110000001110110100111000100101100001000010101000111001100100001000101000,0.7092436974789916
19,10000011111100100000001101101011010001010110011010110100010010010010001000001010111110111011101,0.7092436974789916
19,01000001010110101101100101111010011110001111000000001010110101011100101000100110111111111010111,0.7092436974789916
19,00011100001001100000000100000001101010101100011000011000010001011001100100110010101100100100101,0.7092436974789916
19,01111011100010000100010011011000000100111001110100000100110000100000011011101010101100110111001,0.7092436974789916
20,10000111001001111101000110101101010010100000110100001111111011001000100111100100110100000100100,0.7092436974789916
20,00001001111000011000110110010101000110000000000010001000001001101110101110101000101101111110001,0.7092436974789916
20,00101101001101010010100011010010111010011001011010111011001000001000111101000010010101011000000,0.7092436974789916
20,01010110111000011000000101010001100110100101110011000101000011000010111001000011001001111110010,0.7092436974789916
20,11110100110110011010001011001111100110100000111011011110000011110110001101000110010111001100001,0.7092436974789916
20,00011011101011010110010010101111100111000101100000111111101110111001010111100010000010111110101,0.7092436974789916
20,10110111000111101010110101011000110010011110001011111111100011010101000001100010000000010010010,0.7092436974789916
20,11100001101100100100010101111000001000101010000110110011011101101000010010110000101011110001000,0.7092436974789916
20,00100101100101111100110011111101010000111010111001011101011001001100010010010010100100000100011,0.7092436974789916
20,10001110110110101010110100000110100000011000110001011000000011111000101010100101101110101000111,0.7092436974789916
20,00010111011100110001001110101000011100000010001011011111101000111011110001101111100100100000000,0.7092436974789916
20,00001111000101100110001010010010100101111011100010010111011110111111101010101100001111011111100,0.7092436974789916
20,01001001011101111010101011010111001001101011010100011100000111010100001011101010111110001001111,0.7092436974789916
20,10000111100001101011110110001110000011110100101111110001101001111100110000101011111110111110101,0.7092436974789916
20,00011011001111000001111011111000011101100010010010001011011010101101111100110001111110100000010,0.7092436974789916
20,01100110110101101011100110000001110110100111000100101100001000010101000111001100100001000101000,0.7092436974789916
20,10000011111100100000001101101011010001010110011010110100010010010010001000001010111110111011101,0.7092436974789916
20,01000001010110101101100101111010011110001111000000001010110101011100101000100110111111111010111,0.7092436974789916
20,00011100001001100000000100000001101010101100011000011000010001011001100100110010101100100100101,0.7092436974789916
20,01111011100010000100010011011000000100111001110100000100110000100000011011101010101100110111001,0.7092436974789916
21,10000111001011101101001110101101010111110000110100000100111011001100100111100110110100011110001,0.7092436974789916
21,00001001111000011100110110010101000111010000100011001000001001101110101110111010101101000100100,0.7092436974789916
21,00101101001101010010100011010010111010011001011010111011001000001000111101000010010101011000000,0.7092436974789916
21,01010110111000011000000101010001100110100101110011000101000011000010111001000011001001111110010,0.7092436974789916
21,11110100110110011010001011001111100110100000111011011110000011110110001101000110010111001100001,0.7092436974789916
21,00011011101011010110010010101111100111000101100000111111101110111001010111100010000010111110101,0.7092436974789916
21,10110111000111101010110101011000110010011110001011111111100011010101000001100010000000010010010,0.7092436974789916
21,11100001101100100100010101111000001000101010000110110011011101101000010010110000101011110001000,0.7092436974789916
21,00100101100101111100110011111101010000111010111001011101011001001100010010010010100100000100011,0.7092436974789916
21,10001110110110101010110100000110100000011000110001011000000011111000101010100101101110101000111,0.7092436974789916
21,00010111011100110001001110101000011100000010001011011111101000111011110001101111100100100000000,0.7092436974789916
21,00001111000101100110001010010010100101111011100010010111011110111111101010101100001111011111100,0.7092436974789916
21,01001001011101111010101011010111001001101011010100011100000111010100001011101010111110001001111,0.7092436974789916
21,10000111100001101011110110001110000011110100101111110001101001111100110000101011111110111110101,0.7092436974789916
21,00011011001111000001111011111000011101100010010010001011011010101101111100110001111110100000010,0.7092436974789916
21,01100110110101101011100110000001110110100111000100101100001000010101000111001100100001000101000,0.7092436974789916
21,10000011111100100000001101101011010001010110011010110100010010010010001000001010111110111011101,0.7092436974789916
21,01000001010110101101100101111010011110001111000000001010110101011100101000100110111111111010111,0.7092436974789916
21,00011100001001100000000100000001101010101100011000011000010001011001100100110010101100100100101,0.7092436974789916
21,01111011100010000100010011011000000100111001110100000100110000100000011011101010101100110111001,0.7092436974789916
22,10000111011011100101001110101101011111110000110100000100001001101110101010111011101101000100101,0.7092436974789916
22,00001001111010011100110110010101010111010000100011001100110011001100000111000110110100011000000,0.7092436974789916
22,00101101001101010010100011010010111010011001011010111011001000001000111101000010010101011000000,0.7092436974789916
22,01010110111000011000000101010001100110100101110011000101000011000010111001000011001001111110010,0.7092436974789916
22,11110100110110011010001011001111100110100000111011011110000011110110001101000110010111001100001,0.7092436974789916
22,00011011101011010110010010101111100111000101100000111111101110111001010111100010000010111110101,0.7092436974789916
22,10110111000111101010110101011000110010011110001011111111100011010101000001100010000000010010010,0.7092436974789916
22,11100001101100100100010101111000001000101010000110110011011101101000010010110000101011110001000,0.7092436974789916
22,00100101100101111100110011111101010000111010111001011101011001001100010010010010100100000100011,0.7092436974789916
22,10001110110110101010110100000110100000011000110001011000000011111000101010100101101110101000111,0.7092436974789916
22,00010111011100110001001110101000011100000010001011011111101000111011110001101111100100100000000,0.7092436974789916
22,00001111000101100110001010010010100101111011100010010111011110111111101010101100001111011111100,0.7092436974789916
22,01001001011101111010101011010111001001101011010100011100000111010100001011101010111110001001111,0.7092436974789916
22,10000111100001101011110110001110000011110100101111110001101001111100110000101011111110111110101,0.7092436974789916
22,00011011001111000001111011111000011101100010010010001011011010101101111100110001111110100000010,0.7092436974789916
22,01100110110101101011100110000001110110100111000100101100001000010101000111001100100001000101000,0.7092436974789916
22,10000011111100100000001101101011010001010110011010110100010010010010001000001010111110111011101,0.7092436974789916
22,01000001010110101101100101111010011110001111000000001010110101011100101000100110111111111010111,0.7092436974789916
22,00011100001001100000000100000001101010101100011000011000010001011001100100110010101100100100101,0.7092436974789916
22,01111011100010000100010011011000000100111001110100000100110000100000011011101010101100110111001,0.7092436974789916
23,10000111111011100101001110101101011111101001110100001100001011001100000111000010101100011000000,0.7092436974789916
23,00001011011011011100111110010101110111010000100111001111110011101110101000110011101001000100101,0.7092436974789916
23,00101101001101010010100011010010111010011001011010111011001000001000111101000010010101011000000,0.7092436974789916
23,01010110111000011000000101010001100110100101110011000101000011000010111001000011001001111110010,0.7092436974789916
23,11110100110110011010001011001111100110100000111011011110000011110110001101000110010111001100001,0.7092436974789916
23,00011011101011010110010010101111100111000101100000111111101110111001010111100010000010111110101,0.7092436974789916
23,10110111000111101010110101011000110010011110001011111111100011010101000001100010000000010010010,0.7092436974789916
23,11100001101100100100010101111000001000101010000110110011011101101000010010110000101011110001000,0.7092436974789916
23,00100101100101111100110011111101010000111010111001011101011001001100010010010010100100000100011,0.7092436974789916
23,10001110110110101010110100000110100000011000110001011000000011111000101010100101101110101000111,0.7092436974789916
23,00010111011100110001001110101000011100000010001011011111101000111011110001101111100100100000000,0.7092436974789916
23,00001111000101100110001010010010100101111011100010010111011110111111101010101100001111011111100,0.7092436974789916
23,01001001011101111010101011010111001001101011010100011100000111010100001011101010111110001001111,0.7092436974789916
23,10000111100001101011110110001110000011110100101111110001101001111100110000101011111110111110101,0.7092436974789916
23,00011011001111000001111011111000011101100010010010001011011010101101111100110001111110100000010,0.7092436974789916
23,01100110110101101011100110000001110110100111000100101100001000010101000111001100100001000101000,0.7092436974789916
23,10000011111100100000001101101011010001010110011010110100010010010010001000001010111110111011101,0.7092436974789916
23,01000001010110101101100101111010011110001111000000001010110101011100101000100110111111111010111,0.7092436974789916
23,00011100001001100000000100000001101010101100011000011000010001011001100100110010101100100100101,0.7092436974789916
23,01111011100010000100010011011000000100111001110100000100110000100000011011101010101100110111001,0.7092436974789916
24,10000011111011100101001110001101011111101001110100001100001011001100001001110010111001000110001,0.7092436974789916
24,10001001011011011000111110000101110111010000100111001111010111101110000111000010101101011100000,0.7092436974789916
24,00101101001101010010100011010010111010011001011010111011001000001000111101000010010101011000000,0.7092436974789916
24,01010110111000011000000101010001100110100101110011000101000011000010111001000011001001111110010,0.7092436974789916
24,11110100110110011010001011001111100110100000111011011110000011110110001101000110010111001100001,0.7092436974789916
24,00011011101011010110010010101111100111000101100000111111101110111001010111100010000010111110101,0.7092436974789916
24,10110111000111101010110101011000110010011110001011111111100011010101000001100010000000010010010,0.7092436974789916
24,11100001101100100100010101111000001000101010000110110011011101101000010010110000101011110001000,0.7092436974789916
24,00100101100101111100110011111101010000111010111001011101011001001100010010010010100100000100011,0.7092436974789916
24,10001110110110101010110100000110100000011000110001011000000011111000101010100101101110101000111,0.7092436974789916
24,00010111011100110001001110101000011100000010001011011111101000111011110001101111100100100000000,0.7092436974789916
24,00001111000101100110001010010010100101111011100010010111011110111111101010101100001111011111100,0.7092436974789916
24,01001001011101111010101011010111001001101011010100011100000111010100001011101010111110001001111,0.7092436974789916
24,10000111100001101011110110001110000011110100101111110001101001111100110000101011111110111110101,0.7092436974789916
24,00011011001111000001111011111000011101100010010010001011011010101101111100110001111110100000010,0.7092436974789916
24,01100110110101101011100110000001110110100111000100101100001000010101000111001100100001000101000,0.7092436974789916
24,10000011111100100000001101101011010001010110011010110100010010010010001000001010111110111011101,0.7092436974789916
24,01000001010110101101100101111010011110001111000000001010110101011100101000100110111111111010111,0.7092436974789916
24,00011100001001100000000100000001101010101100011000011000010001011001100100110010101100100100101,0.7092436974789916
24,01111011100010000100010011011000000100111001110100000100110000100000011011101010101100110111001,0.7092436974789916
25,10001011111011100101100110001101011110101001110101001100001011001101001011000100101101111100000,0.7092436974789916
25,11011101111011011000111110000101100101010000101111001111010111111110000101110110111001000110001,0.7092436974789916
25,00101101001101010010100011010010111010011001011010111011001000001000111101000010010101011000000,0.7092436974789916
25,01010110111000011000000101010001100110100101110011000101000011000010111001000011001001111110010,0.7092436974789916
25,11110100110110011010001011001111100110100000111011011110000011110110001101000110010111001100001,0.7092436974789916
25,00011011101011010110010010101111100111000101100000111111101110111001010111100010000010111110101,0.7092436974789916
25,10110111000111101010110101011000110010011110001011111111100011010101000001100010000000010010010,0.7092436974789916
25,11100001101100100100010101111000001000101010000110110011011101101000010010110000101011110001000,0.7092436974789916
25,00100101100101111100110011111101010000111010111001011101011001001100010010010010100100000100011,0.7092436974789916
25,10001110110110101010110100000110100000011000110001011000000011111000101010100101101110101000111,0.7092436974789916
25,00010111011100110001001110101000011100000010001011011111101000111011110001101111100100100000000,0.7092436974789916
25,00001111000101100110001010010010100101111011100010010111011110111111101010101100001111011111100,0.7092436974789916
25,01001001011101111010101011010111001001101011010100011100000111010100001011101010111110001001111,0.7092436974789916
25,10000111100001101011110110001110000011110100101111110001101001111100110000101011111110111110101,0.7092436974789916
25,00011011001111000001111011111000011101100010010010001011011010101101111100110001111110100000010,0.7092436974789916
25,01100110110101101011100110000001110110100111000100101100001000010101000111001100100001000101000,0.7092436974789916
25,10000011111100100000001101101011010001010110011010110100010010010010001000001010111110111011101,0.7092436974789916
25,01000001010110101101100101111010011110001111000000001010110101011100101000100110111111111010111,0.7092436974789916
25,00011100001001100000000100000001101010101100011000011000010001011001100100110010101100100100101,0.7092436974789916
25,01111011100010000100010011011000000100111001110100000100110000100000011011101010101100110111001,0.7092436974789916
26,10001011111011100111100110001001111010101001110101001100001111101101001011001101101001000110010,0.7092436974789916
26,01011101111011011000111110010111100111010000101011001011010111111110001101110110111100111100000,0.7092436974789916
26,00101101001101010010100011010010111010011001011010111011001000001000111101000010010101011000000,0.7092436974789916
26,01010110111000011000000101010001100110100101110011000101000011000010111001000011001001111110010,0.7092436974789916
26,11110100110110011010001011001111100110100000111011011110000011110110001101000110010111001100001,0.7092436974789916
26,00011011101011010110010010101111100111000101100000111111101110111001010111100010000010111110101,0.7092436974789916
26,10110111000111101010110101011000110010011110001011111111100011010101000001100010000000010010010,0.7092436974789916
26,11100001101100100100010101111000001000101010000110110011011101101000010010110000101011110001000,0.7092436974789916
26,00100101100101111100110011111101010000111010111001011101011001001100010010010010100100000100011,0.7092436974789916
26,10001110110110101010110100000110100000011000110001011000000011111000101010100101101110101000111,0.7092436974789916
26,00010111011100110001001110101000011100000010001011011111101000111011110001101111100100100000000,0.7092436974789916
26,00001111000101100110001010010010100101111011100010010111011110111111101010101100001111011111100,0.7092436974789916
26,01001001011101111010101011010111001001101011010100011100000111010100001011101010111110001001111,0.7092436974789916
26,10000111100001101011110110001110000011110100101111110001101001111100110000101011111110111110101,0.7092436974789916
26,00011011001111000001111011111000011101100010010010001011011010101101111100110001111110100000010,0.7092436974789916
26,01100110110101101011100110000001110110100111000100101100001000010101000111001100100001000101000,0.7092436974789916
26,10000011111100100000001101101011010001010110011010110100010010010010001000001010111110111011101,0.7092436974789916
26,01000001010110101101100101111010011110001111000000001010110101011100101000100110111111111010111,0.7092436974789916
26,00011100001001100000000100000001101010101100011000011000010001011001100100110010101100100100101,0.7092436974789916
26,01111011100010000100010011011000000100111001110100000100110000100000011011101010101100110111001,0.7092436974789916
27,10011011010011100111000110001011111110101001110101000010110111111100001100110100111100111100001,0.7092436974789916
27,01011101011011000000111010010111001111000001101011001100101111101101111111001101111001000110011,0.7092436974789916
27,00101101001101010010100011010010111010011001011010111011001000001000111101000010010101011000000,0.7092436974789916
27,01010110111000011000000101010001100110100101110011000101000011000010111001000011001001111110010,0.7092436974789916
27,11110100110110011010001011001111100110100000111011011110000011110110001101000110010111001100001,0.7092436974789916
27,00011011101011010110010010101111100111000101100000111111101110111001010111100010000010111110101,0.7092436974789916
27,10110111000111101010110101011000110010011110001011111111100011010101000001100010000000010010010,0.7092436974789916
27,11100001101100100100010101111000001000101010000110110011011101101000010010110000101011110001000,0.7092436974789916
27,00100101100101111100110011111101010000111010111001011101011001001100010010010010100100000100011,0.7092436974789916
27,10001110110110101010110100000110100000011000110001011000000011111000101010100101101110101000111,0.7092436974789916
27,00010111011100110001001110101000011100000010001011011111101000111011110001101111100100100000000,0.7092436974789916
27,00001111000101100110001010010010100101111011100010010111011110111111101010101100001111011111100,0.7092436974789916
27,01001001011101111010101011010111001001101011010100011100000111010100001011101010111110001001111,0.7092436974789916
27,10000111100001101011110110001110000011110100101111110001101001111100110000101011111110111110101,0.7092436974789916
27,00011011001111000001111011111000011101100010010010001011011010101101111100110001111110100000010,0.7092436974789916
27,01100110110101101011100110000001110110100111000100101100001000010101000111001100100001000101000,0.7092436974789916
27,10000011111100100000001101101011010001010110011010110100010010010010001000001010111110111011101,0.7092436974789916
27,01000001010110101101100101111010011110001111000000001010110101011100101000100110111111111010111,0.7092436974789916
27,00011100001001100000000100000001101010101100011000011000010001011001100100110010101100100100101,0.7092436974789916
27,01111011100010000100010011011000000100111001110100000100110000100000011011101010101100110111001,0.7092436974789916
